id,name,address,phone,email,website,isActive,createdAt,updatedAt
0,NOT,,,,,true,,
1,AKEM,,,,,true,,
2,AKE,,,,,true,,
3,AKI,,,,,,,
4,ACM,,,,,,,
5,SPIE,,,,,,,
6,BYES,,,,,,,
7,Le pied à l'étrier ,,,,,,,
8,IDS.A,,,,,,,
10,Plongeur,,,,,,,
11,La bêle solution ,,,,,,,
12,ss-traitant GENSUN,,,,,,,
13,Schneider ,,,,,,,
14,AGRI3,,,,,,,
15,Solution30,,,,,,,
16,TSCD Comsag,,,,,,,
17,AlloSun,,,,,,,
18,AKEA,,,,,,,
19,FTC,,,,,,,
20,Gensun,,,,,,,
21,SMA,,,,,,,
22,MMS,,,,,,,
24,AGRITERRA,,,,,,,
25,MR Clotures,,,,,,,
26,Vestas,,,,,,,
27,INEO,,,,,,,
28,ACTEMIUM,,,,,,,
29,CWS,,,,,,,
30,8.2 France,,,,,,,
31,Aerones,,,,,,,
32,AGV,,,,,,,
33,Akuo,,,,,,,
34,Autres,,,,,,,
35,Cornis,,,,,,,
36,CoverWind,,,,,,,
37,DREAL,,,,,,,
38,Dufour,,,,,,,
39,DWT,,,,,,,
40,Enedis,,,,,,,
41,ESG,,,,,,,
42,GR Wind,,,,,,,
43,MD Wind,,,,,,,
44,Nordex,,,,,,,
45,Orange,,,,,,,
46,Plasteol,,,,,,,
47,SGRE,,,,,,,
48,Singulair,,,,,,,
49,Skyspecs,,,,,,,
50,Socotec,,,,,,,
51,Vinci,,,,,,,
52,AVANTI,,,,,,,
53,Artifex,,,,,,,
54,CEL,,,,,,,
55,Dornier,,,,,,,
56,ESI,,,,,,,
57,RTE,,,,,,,
58,D3E,,,,,,,
59,LC clos,,,,,,,
60,BOjardin,,,,,,,
61,micro stations services,,,,,,,
62,AKNC,,,,,,,
63,Scada,,,,,,,
64,Guerini,,,,,,,
65,Eiffage,,,,,,,
66,JCM environnement ,,,,,,,
67,Dekra,,,,,,,
68,Rincent,,,,,,,
69,ea de roy,,,,,,,
70,Exemple,,,,,,,
71,SB bois,,,,,,,
72,Alarmor,,,,,,,
73,Openr,,,,,,,
75,Diotjérôme,,,,,,,
76,axial,,,,,,,
77,Solvento,,,,,,,
78,Alphawind,,,,,,,
79,deepndive,,,,,,,
80,LLP élagage,,,,,,,
81,Omexom,,,,,,,
82,SMG,,,,,,,
83,Veolia,,,,,,,
84,octavianni,,,,,,,
85,Monteco,,,,,,,
86,Polder,,,,,,,
87,Adista,,,,,,,
88,Ortec,,,,,,,
89,Entomia,,,,,,,
90,Ecocean ,,,,,,,
91,fédération de pêche ,,,,,,,
92,ENDIPREV,,,,,,,
93,SEL France,,,,,,,
94,EPSMS,,,,,,,
95,Trina solar ,,,,,,,
96,Enconia,,,,,,,
97,Altitude 66,,,,,,,
98,LM Elec,,,,,,,
99,Paysagiste du caroux ,,,,,,,
100,SDIS,,,,,,,
101,EMBW,,,,,,,
102,JEMA,,,,,,,
103,BWTS,,,,,,,
104,Contal farmer,,,,,,,
105,Colas,,,,,,,
106,EMSI,,,,,,,
107,C&D Ölservice GmbH,,,,,,,
108,NAD,,,,,,,
109,Veritas,,,,,,,
110,Drone sud ouest ,,,,,,,
111,seacure ,,,,,,,
112,CNRS Toulouse ,,,,,,,
113,CMS,,,,,,,
114,minipelle,,,,,,,
115,DEV,,,,,,,
116,ICNT,,,,,,,
117,LT clotûres,,,,,,,
118,Eickhoff,,,,,,,
119,EPSMS de mayenne ,,,,,,,
120,LG services,,,,,,,
121,Acrobatica,,,,,,,
122,Transfix,,,,,,,
123,Jeanselme ,,,,,,,
124,EPSYS,,,,,,,
125,Wind Tech Services ,,,,,,,
126,Altertec,,,,,,,
127,Artemis,,,,,,,
128,RESGreen,,,,,,,
129,Soprema ,,,,,,,
130,PCSD comfag,,,,,,,
131,ACCA,,,,,,,
132,SEL groupe,,,,,,,
133,sense of life,,,,,,,
134,LTB Rotortech,,,,,,,
135,Ducasse,,,,,,,
136,Supairvision ,,,,,,,
137,Héliopale,,,,,,,
138,Mazer,,,,,,,
139,Etcee terra,,,,,,,
140,Biotop élagage,,,,,,,
141,Cermeco,,,,,,,
142,Berger/ère,,,,,,,
143,Grenier Electrique,,,,,,,
144,Enrasun,,,,,,,
145,Sotel,,,,,,,
146,Gendarmes/Police,,,,,,,
147,ProBat,,,,,,,
148,Altaix,,,,,,,
149,Fullcircle,,,,,,,
150,C2F,,,,,,,
151,Topelec,,,,,,,
152,capvert,,,,,,,
153,EAS,,,,,,,
154,AI TS,,,,,,,
